Уникальный ID заказа на возврат (srid),Дата заказа на возврат,Артикул WB,Бренд,Предмет,Размер,Баркод,Штрихкод,Тип возврата,Причина возврата,Статус возврата,"Тип статуса (0-архив, 1-актив)",Дата и время готовности,Дата и время выдачи,Дата и время истечения срока,ID ПВЗ выдачи,Адрес ПВЗ выдачи,Номер сборочного задания,Стикер заказа на возврат
9a55b16512c7427a8c6746a7c90a62d0,2026-05-13,420226037,ADRIANA CASA,Шторы интерьерные,0,2044039074975,53653816872,Возврат брака,,Выдано,0,2026-05-17 8:58:08,2026-05-18T16:39:58.874,,211256,"Тверь, Улица Вагжанова 21",0,32290365096
9deb939553c24d31877bf384f5c4a5d7,2026-05-14,220985979,ADRIANA VIVO,Тюль,0,2039755197428,53616197525,Возврат брака,,Выдано,0,2026-05-15 17:05:26,2026-05-18T16:39:58.874,,211256,"Тверь, Улица Вагжанова 21",0,49829035598
f616d319-fbc8-4740-8c4c-33df0eea2f3c.0.0,2026-05-14,244447355,ADRIANA LENTO,Тюль,0,2040681266119,53329461917,Возврат по инициативе продавца,,Выдано,0,2026-05-15 9:13:58,2026-05-18T16:39:58.874,,211256,"Тверь, Улица Вагжанова 21",0,50606995074
f616d319-fbc8-4740-8c4c-33df0eea2f3c.1.0,2026-05-14,244447355,ADRIANA LENTO,Тюль,0,2040681266119,53329461920,Возврат по инициативе продавца,,Выдано,0,2026-05-15 9:16:27,2026-05-18T16:39:58.874,,211256,"Тверь, Улица Вагжанова 21",0,50606995068
f616d319-fbc8-4740-8c4c-33df0eea2f3c.10.0,2026-05-14,246094579,VELO MONTI MILANO,Тюль,0,2040737560314,38387955470,Возврат по инициативе продавца,,Выдано,0,2026-05-15 9:24:56,2026-05-18T16:39:58.874,,211256,"Тверь, Улица Вагжанова 21",0,47167787283
f616d319-fbc8-4740-8c4c-33df0eea2f3c.11.0,2026-05-14,246094579,VELO MONTI MILANO,Тюль,0,2040737560314,38387955473,Возврат по инициативе продавца,,Выдано,0,2026-05-15 9:24:30,2026-05-18T16:39:58.874,,211256,"Тверь, Улица Вагжанова 21",0,47167787287
f616d319-fbc8-4740-8c4c-33df0eea2f3c.12.0,2026-05-14,246980226,VELO MONTI VERONA,Тюль,0,2040768276192,35943330723,Возврат по инициативе продавца,,Выдано,0,2026-05-16 9:49:27,2026-05-18T16:39:58.874,,211256,"Тверь, Улица Вагжанова 21",0,30083852551
f616d319-fbc8-4740-8c4c-33df0eea2f3c.13.0,2026-05-14,246980226,VELO MONTI VERONA,Тюль,0,2040768276192,35943330776,Возврат по инициативе продавца,,Выдано,0,2026-05-16 9:36:01,2026-05-18T16:39:58.874,,211256,"Тверь, Улица Вагжанова 21",0,30083852543
f616d319-fbc8-4740-8c4c-33df0eea2f3c.14.0,2026-05-14,247049487,VELO MONTI VERONA,Тюль,0,2040769367370,42742664902,Возврат по инициативе продавца,,Выдано,0,2026-05-17 18:30:04,2026-05-18T16:39:58.874,,211256,"Тверь, Улица Вагжанова 21",0,44634748383
f616d319-fbc8-4740-8c4c-33df0eea2f3c.15.0,2026-05-14,247049487,VELO MONTI VERONA,Тюль,0,2040769367370,42742664906,Возврат по инициативе продавца,,Выдано,0,2026-05-16 12:42:46,2026-05-18T16:39:58.874,,211256,"Тверь, Улица Вагжанова 21",0,48577944757
f616d319-fbc8-4740-8c4c-33df0eea2f3c.16.0,2026-05-14,246094439,VELO MONTI MILANO,Тюль,0,2040737560321,53381831299,Возврат по инициативе продавца,,Выдано,0,2026-05-17 8:55:08,2026-05-18T16:39:58.874,,211256,"Тверь, Улица Вагжанова 21",0,52058846768
f616d319-fbc8-4740-8c4c-33df0eea2f3c.17.0,2026-05-14,246094439,VELO MONTI MILANO,Тюль,0,2040737560321,53381831300,Возврат по инициативе продавца,,Выдано,0,2026-05-17 8:55:15,2026-05-18T16:39:58.874,,211256,"Тверь, Улица Вагжанова 21",0,52058846764
f616d319-fbc8-4740-8c4c-33df0eea2f3c.18.0,2026-05-14,246377463,VELO MONTI MILANO,Тюль,0,2040747328355,37561405773,Возврат по инициативе продавца,,Выдано,0,2026-05-17 9:12:11,2026-05-18T16:39:58.874,,211256,"Тверь, Улица Вагжанова 21",0,39299146989
f616d319-fbc8-4740-8c4c-33df0eea2f3c.19.0,2026-05-14,246377463,VELO MONTI MILANO,Тюль,0,2040747328355,41978622052,Возврат по инициативе продавца,,Выдано,0,2026-05-17 9:16:39,2026-05-18T16:39:58.874,,211256,"Тверь, Улица Вагжанова 21",0,39299146995
f616d319-fbc8-4740-8c4c-33df0eea2f3c.2.0,2026-05-14,244447355,ADRIANA LENTO,Тюль,0,2040681266119,53329461921,Возврат по инициативе продавца,,Выдано,0,2026-05-15 9:13:46,2026-05-18T16:39:58.874,,211256,"Тверь, Улица Вагжанова 21",0,50606995070
f616d319-fbc8-4740-8c4c-33df0eea2f3c.3.0,2026-05-14,244447355,ADRIANA LENTO,Тюль,0,2040681266119,53329461924,Возврат по инициативе продавца,,Выдано,0,2026-05-15 9:16:22,2026-05-18T16:39:58.874,,211256,"Тверь, Улица Вагжанова 21",0,50606995072
f616d319-fbc8-4740-8c4c-33df0eea2f3c.4.0,2026-05-14,246094467,VELO MONTI MILANO,Тюль,0,2040737560635,53382799792,Возврат по инициативе продавца,,Выдано,0,2026-05-15 13:27:41,2026-05-18T16:39:58.874,,211256,"Тверь, Улица Вагжанова 21",0,43194060125
f616d319-fbc8-4740-8c4c-33df0eea2f3c.5.0,2026-05-14,246094467,VELO MONTI MILANO,Тюль,0,2040737560635,53382799797,Возврат по инициативе продавца,,Выдано,0,2026-05-15 13:27:48,2026-05-18T16:39:58.874,,211256,"Тверь, Улица Вагжанова 21",0,43194060121
f616d319-fbc8-4740-8c4c-33df0eea2f3c.6.0,2026-05-14,246980475,VELO MONTI VERONA,Тюль,0,2040768277045,48587297952,Возврат по инициативе продавца,,Выдано,0,2026-05-15 12:58:52,2026-05-18T16:39:58.874,,211256,"Тверь, Улица Вагжанова 21",0,37416371037
f616d319-fbc8-4740-8c4c-33df0eea2f3c.7.0,2026-05-14,246980475,VELO MONTI VERONA,Тюль,0,2040768277045,49014203100,Возврат по инициативе продавца,,Выдано,0,2026-05-15 9:16:02,2026-05-18T16:39:58.874,,211256,"Тверь, Улица Вагжанова 21",0,46967978153
f616d319-fbc8-4740-8c4c-33df0eea2f3c.8.0,2026-05-14,246094474,VELO MONTI MILANO,Тюль,0,2040737560628,53643238941,Возврат по инициативе продавца,,Выдано,0,2026-05-15 16:53:53,2026-05-18T16:39:58.874,,211256,"Тверь, Улица Вагжанова 21",0,51895545966
f616d319-fbc8-4740-8c4c-33df0eea2f3c.9.0,2026-05-14,246094474,VELO MONTI MILANO,Тюль,0,2040737560628,53643238944,Возврат по инициативе продавца,,Выдано,0,2026-05-15 16:53:50,2026-05-18T16:39:58.874,,211256,"Тверь, Улица Вагжанова 21",0,51895545970
aeac7f47-5ace-4231-8a07-851b62b5be12.1.0,2026-05-22,820169155,ADRIANA FESTA,Шторы интерьерные,0,2048927914497,52926997058,Возврат по инициативе продавца,,Выдано,0,2026-05-24 9:58:13,2026-05-25T10:58:09.006,,211256,"Тверь, Улица Вагжанова 21",0,51585205042
aeac7f47-5ace-4231-8a07-851b62b5be12.10.0,2026-05-22,188397349,ADRIANA CASA,Шторы интерьерные,0,2038937810360,45166786586,Возврат по инициативе продавца,,Выдано,0,2026-05-23 17:46:46,2026-05-25T10:58:09.006,,211256,"Тверь, Улица Вагжанова 21",0,37018332043
aeac7f47-5ace-4231-8a07-851b62b5be12.11.0,2026-05-22,188397349,ADRIANA CASA,Шторы интерьерные,0,2038937810360,45721494712,Возврат по инициативе продавца,,Выдано,0,2026-05-24 9:44:22,2026-05-25T10:58:09.006,,211256,"Тверь, Улица Вагжанова 21",0,48946849170
aeac7f47-5ace-4231-8a07-851b62b5be12.12.0,2026-05-22,181095938,ADRIANA CASA,Шторы интерьерные,0,2038757480415,45469612743,Возврат по инициативе продавца,,Выдано,0,2026-05-24 9:55:00,2026-05-25T10:58:09.006,,211256,"Тверь, Улица Вагжанова 21",0,38965726387
aeac7f47-5ace-4231-8a07-851b62b5be12.13.0,2026-05-22,181095938,ADRIANA CASA,Шторы интерьерные,0,2038757480415,45469612747,Возврат по инициативе продавца,,Выдано,0,2026-05-24 9:54:32,2026-05-25T10:58:09.006,,211256,"Тверь, Улица Вагжанова 21",0,38965726385
aeac7f47-5ace-4231-8a07-851b62b5be12.14.0,2026-05-22,181095938,ADRIANA CASA,Шторы интерьерные,0,2038757480415,45469612748,Возврат по инициативе продавца,,Выдано,0,2026-05-24 9:44:11,2026-05-25T10:58:09.006,,211256,"Тверь, Улица Вагжанова 21",0,38965726389
aeac7f47-5ace-4231-8a07-851b62b5be12.15.0,2026-05-22,420226052,ADRIANA CASA,Шторы интерьерные,0,2044039075040,50720064902,Возврат по инициативе продавца,,Выдано,0,2026-05-24 15:52:45,2026-05-25T10:58:09.006,,211256,"Тверь, Улица Вагжанова 21",0,48801119270
aeac7f47-5ace-4231-8a07-851b62b5be12.16.0,2026-05-22,420226052,ADRIANA CASA,Шторы интерьерные,0,2044039075040,50843700001,Возврат по инициативе продавца,,Выдано,0,2026-05-25 12:29:48,2026-05-29T11:26:39.618,,211256,"Тверь, Улица Вагжанова 21",0,48936909336
aeac7f47-5ace-4231-8a07-851b62b5be12.17.0,2026-05-22,345232960,ADRIANA CASA,Шторы интерьерные,0,2043048880164,38541881978,Возврат по инициативе продавца,,Выдано,0,2026-05-25 9:09:42,2026-05-25T10:58:09.006,,211256,"Тверь, Улица Вагжанова 21",0,38762489618
aeac7f47-5ace-4231-8a07-851b62b5be12.18.0,2026-05-22,345232960,ADRIANA CASA,Шторы интерьерные,0,2043048880164,37067406132,Возврат по инициативе продавца,,Выдано,0,2026-05-25 9:28:18,2026-05-25T10:58:09.006,,211256,"Тверь, Улица Вагжанова 21",0,45837551813
aeac7f47-5ace-4231-8a07-851b62b5be12.19.0,2026-05-22,396857416,ADRIANA CALMA,Шторы интерьерные,0,2043749393079,45265176690,Возврат по инициативе продавца,,Выдано,0,2026-05-24 9:43:06,2026-05-25T10:58:09.006,,211256,"Тверь, Улица Вагжанова 21",0,46348449860
aeac7f47-5ace-4231-8a07-851b62b5be12.2.0,2026-05-22,820169154,ADRIANA FESTA,Шторы интерьерные,0,2048927914473,52926994525,Возврат по инициативе продавца,,Выдано,0,2026-05-24 13:09:36,2026-05-25T10:58:09.006,,211256,"Тверь, Улица Вагжанова 21",0,51585204970
aeac7f47-5ace-4231-8a07-851b62b5be12.20.0,2026-05-22,396857416,ADRIANA CALMA,Шторы интерьерные,0,2043749393079,48649726133,Возврат по инициативе продавца,,Выдано,0,2026-05-24 15:49:17,2026-05-25T10:58:09.006,,211256,"Тверь, Улица Вагжанова 21",0,46988517637
aeac7f47-5ace-4231-8a07-851b62b5be12.21.0,2026-05-22,396849770,ADRIANA CALMA,Шторы интерьерные,0,2043749261903,44727288123,Возврат по инициативе продавца,,Выдано,0,2026-05-23 17:44:14,2026-05-25T10:58:09.006,,211256,"Тверь, Улица Вагжанова 21",0,51706973193
aeac7f47-5ace-4231-8a07-851b62b5be12.22.0,2026-05-22,396849770,ADRIANA CALMA,Шторы интерьерные,0,2043749261903,37490729844,Возврат по инициативе продавца,,Выдано,0,2026-05-25 9:09:28,2026-05-25T10:58:09.006,,211256,"Тверь, Улица Вагжанова 21",0,42931807870
aeac7f47-5ace-4231-8a07-851b62b5be12.3.0,2026-05-22,810348952,ADRIANA FESTA,Шторы интерьерные,0,2048838837250,49725197685,Возврат по инициативе продавца,,Выдано,0,2026-05-24 9:53:05,2026-05-25T10:58:09.006,,211256,"Тверь, Улица Вагжанова 21",0,47433986871
aeac7f47-5ace-4231-8a07-851b62b5be12.4.0,2026-05-22,818378132,ADRIANA FESTA,Шторы интерьерные,0,2048917565289,53076157396,Возврат по инициативе продавца,,Выдано,0,2026-05-24 15:53:24,2026-05-25T10:58:09.006,,211256,"Тверь, Улица Вагжанова 21",0,50648984097
aeac7f47-5ace-4231-8a07-851b62b5be12.5.0,2026-05-22,181095872,ADRIANA CASA,Шторы интерьерные,0,2038757480477,50288276242,Возврат по инициативе продавца,,Выдано,0,2026-05-25 9:09:43,2026-05-25T10:58:09.006,,211256,"Тверь, Улица Вагжанова 21",0,42447165538
aeac7f47-5ace-4231-8a07-851b62b5be12.6.0,2026-05-22,181095872,ADRIANA CASA,Шторы интерьерные,0,2038757480477,50288276245,Возврат по инициативе продавца,,Выдано,0,2026-05-25 9:09:16,2026-05-25T10:58:09.006,,211256,"Тверь, Улица Вагжанова 21",0,42447165542
aeac7f47-5ace-4231-8a07-851b62b5be12.7.0,2026-05-22,181095872,ADRIANA CASA,Шторы интерьерные,0,2038757480477,50288276248,Возврат по инициативе продавца,,Выдано,0,2026-05-25 9:09:02,2026-05-25T10:58:09.006,,211256,"Тверь, Улица Вагжанова 21",0,42447165536
aeac7f47-5ace-4231-8a07-851b62b5be12.8.0,2026-05-22,181095872,ADRIANA CASA,Шторы интерьерные,0,2038757480477,50702529536,Возврат по инициативе продавца,,Выдано,0,2026-05-24 9:43:19,2026-05-25T10:58:09.006,,211256,"Тверь, Улица Вагжанова 21",0,49109800112
aeac7f47-5ace-4231-8a07-851b62b5be12.9.0,2026-05-22,188397349,ADRIANA CASA,Шторы интерьерные,0,2038937810360,45571050741,Возврат по инициативе продавца,,Выдано,0,2026-05-24 9:46:11,2026-05-25T10:58:09.006,,211256,"Тверь, Улица Вагжанова 21",0,39472065501
afb6ecce32264c1faae0c2f57640fe22,2026-05-24,237988970,VELO MONTI PARMA,Тюль,0,2040413486631,53751054824,Возврат брака,,Выдано,0,2026-05-29 8:52:13,2026-05-29T11:26:39.618,,211256,"Тверь, Улица Вагжанова 21",0,53751054824
WH_RO_SRN_MW.72f8e67381f94a27bb1c8ac6e9effb96,2026-05-24,220984122,ADRIANA LARGO,Тюль,0,2039755124189,44280678290,Возврат неверного вложения,,Выдано,0,2026-05-27 9:57:48,2026-05-29T11:26:39.618,,211256,"Тверь, Улица Вагжанова 21",0,33206903646
25483aa7d5754222b029d997b5e78a45,2026-05-25,227786134,VELO MONTI MILANO,Тюль,0,2039905558000,53559503947,Возврат брака,,Выдано,0,2026-05-27 12:43:34,2026-05-29T11:26:39.618,,211256,"Тверь, Улица Вагжанова 21",0,50734927315
6cb2f37b-12f5-4a7f-acfc-b22fdac75b61.0.0,2026-05-25,176487125,ADRIANA CALMA,Шторы интерьерные,0,2038597423429,44331859599,Возврат по инициативе продавца,,Выдано,0,2026-05-27 9:58:48,2026-05-29T11:26:39.618,,211256,"Тверь, Улица Вагжанова 21",0,47313977608
6cb2f37b-12f5-4a7f-acfc-b22fdac75b61.1.0,2026-05-25,176487125,ADRIANA CALMA,Шторы интерьерные,0,2038597423429,50257317726,Возврат по инициативе продавца,,Выдано,0,2026-05-27 12:43:12,2026-05-29T11:26:39.618,,211256,"Тверь, Улица Вагжанова 21",0,48945318250
6cb2f37b-12f5-4a7f-acfc-b22fdac75b61.10.0,2026-05-25,166694061,ADRIANA STELLA,Шторы интерьерные,0,2038087023726,50348408104,Возврат по инициативе продавца,,Выдано,0,2026-05-27 9:35:52,2026-05-29T11:26:39.618,,211256,"Тверь, Улица Вагжанова 21",0,48704368162
6cb2f37b-12f5-4a7f-acfc-b22fdac75b61.11.0,2026-05-25,166694061,ADRIANA STELLA,Шторы интерьерные,0,2038087023726,50348408095,Возврат по инициативе продавца,,Выдано,0,2026-05-27 9:31:00,2026-05-29T11:26:39.618,,211256,"Тверь, Улица Вагжанова 21",0,47269100494
6cb2f37b-12f5-4a7f-acfc-b22fdac75b61.12.0,2026-05-25,152016944,ADRIANA STELLA,Шторы интерьерные,0,2037609033212,43587345814,Возврат по инициативе продавца,,Выдано,0,2026-05-27 9:51:05,2026-05-29T11:26:39.618,,211256,"Тверь, Улица Вагжанова 21",0,46694387530
6cb2f37b-12f5-4a7f-acfc-b22fdac75b61.13.0,2026-05-25,152016944,ADRIANA STELLA,Шторы интерьерные,0,2037609033212,43589106377,Возврат по инициативе продавца,,Выдано,0,2026-05-28 15:25:20,2026-05-29T11:26:39.618,,211256,"Тверь, Улица Вагжанова 21",0,42270654892
6cb2f37b-12f5-4a7f-acfc-b22fdac75b61.14.0,2026-05-25,234407519,ADRIANA CANTO,Шторы интерьерные,0,2040191803989,26594590228,Возврат по инициативе продавца,,Выдано,0,2026-05-27 9:54:22,2026-05-29T11:26:39.618,,211256,"Тверь, Улица Вагжанова 21",0,42672474714
6cb2f37b-12f5-4a7f-acfc-b22fdac75b61.15.0,2026-05-25,234407519,ADRIANA CANTO,Шторы интерьерные,0,2040191803989,26592628405,Возврат по инициативе продавца,,Выдано,0,2026-05-27 9:59:47,2026-05-29T11:26:39.618,,211256,"Тверь, Улица Вагжанова 21",0,26141841645
6cb2f37b-12f5-4a7f-acfc-b22fdac75b61.16.0,2026-05-25,152018242,ADRIANA STELLA,Шторы интерьерные,0,2037609055047,40109786649,Возврат по инициативе продавца,,Выдано,0,2026-05-27 9:53:43,2026-05-29T11:26:39.618,,211256,"Тверь, Улица Вагжанова 21",0,34558709125
6cb2f37b-12f5-4a7f-acfc-b22fdac75b61.17.0,2026-05-25,152018242,ADRIANA STELLA,Шторы интерьерные,0,2037609055047,40109786654,Возврат по инициативе продавца,,Выдано,0,2026-05-27 9:54:33,2026-05-29T11:26:39.618,,211256,"Тверь, Улица Вагжанова 21",0,34557592459
6cb2f37b-12f5-4a7f-acfc-b22fdac75b61.18.0,2026-05-25,234407503,ADRIANA CANTO,Шторы интерьерные,0,2040191803842,46535629586,Возврат по инициативе продавца,,Выдано,0,2026-05-27 10:30:54,2026-05-29T11:26:39.618,,211256,"Тверь, Улица Вагжанова 21",0,35413339057
6cb2f37b-12f5-4a7f-acfc-b22fdac75b61.19.0,2026-05-25,234407503,ADRIANA CANTO,Шторы интерьерные,0,2040191803842,41749518683,Возврат по инициативе продавца,,Выдано,0,2026-05-28 9:51:02,2026-05-29T11:26:39.618,,211256,"Тверь, Улица Вагжанова 21",0,50420983517
6cb2f37b-12f5-4a7f-acfc-b22fdac75b61.2.0,2026-05-25,176487125,ADRIANA CALMA,Шторы интерьерные,0,2038597423429,50227864042,Возврат по инициативе продавца,,Выдано,0,2026-05-27 12:07:25,2026-05-29T11:26:39.618,,211256,"Тверь, Улица Вагжанова 21",0,50506947267
6cb2f37b-12f5-4a7f-acfc-b22fdac75b61.20.0,2026-05-25,176496525,ADRIANA CALMA,Шторы интерьерные,0,2038597725530,42977682438,Возврат по инициативе продавца,,Выдано,0,2026-05-28 10:10:37,2026-05-29T11:26:39.618,,211256,"Тверь, Улица Вагжанова 21",0,37237153725
6cb2f37b-12f5-4a7f-acfc-b22fdac75b61.21.0,2026-05-25,176496525,ADRIANA CALMA,Шторы интерьерные,0,2038597725530,42751427459,Возврат по инициативе продавца,,Выдано,0,2026-05-27 10:32:40,2026-05-29T11:26:39.618,,211256,"Тверь, Улица Вагжанова 21",0,37159376559
6cb2f37b-12f5-4a7f-acfc-b22fdac75b61.22.0,2026-05-25,396849807,ADRIANA CALMA,Шторы интерьерные,0,2043749262320,49567657115,Возврат по инициативе продавца,,Выдано,0,2026-05-27 9:36:50,2026-05-29T11:26:39.618,,211256,"Тверь, Улица Вагжанова 21",0,46981110220
6cb2f37b-12f5-4a7f-acfc-b22fdac75b61.23.0,2026-05-25,176482208,ADRIANA CALMA,Шторы интерьерные,0,2038597273321,36058242183,Возврат по инициативе продавца,,Выдано,0,2026-05-27 11:57:18,2026-05-29T11:26:39.618,,211256,"Тверь, Улица Вагжанова 21",0,31789509392
6cb2f37b-12f5-4a7f-acfc-b22fdac75b61.24.0,2026-05-25,176482208,ADRIANA CALMA,Шторы интерьерные,0,2038597273321,40308765969,Возврат по инициативе продавца,,Выдано,0,2026-05-27 9:31:25,2026-05-29T11:26:39.618,,211256,"Тверь, Улица Вагжанова 21",0,32951983616
6cb2f37b-12f5-4a7f-acfc-b22fdac75b61.3.0,2026-05-25,176482124,ADRIANA CALMA,Шторы интерьерные,0,2038597273437,50613845851,Возврат по инициативе продавца,,Выдано,0,2026-05-27 9:30:47,2026-05-29T11:26:39.618,,211256,"Тверь, Улица Вагжанова 21",0,48818852903
6cb2f37b-12f5-4a7f-acfc-b22fdac75b61.4.0,2026-05-25,176482124,ADRIANA CALMA,Шторы интерьерные,0,2038597273437,50724940068,Возврат по инициативе продавца,,Выдано,0,2026-05-28 10:09:29,2026-05-29T11:26:39.618,,211256,"Тверь, Улица Вагжанова 21",0,50182916828
6cb2f37b-12f5-4a7f-acfc-b22fdac75b61.5.0,2026-05-25,176482124,ADRIANA CALMA,Шторы интерьерные,0,2038597273437,45776237049,Возврат по инициативе продавца,,Выдано,0,2026-05-27 12:45:48,2026-05-29T11:26:39.618,,211256,"Тверь, Улица Вагжанова 21",0,49115279349
6cb2f37b-12f5-4a7f-acfc-b22fdac75b61.6.0,2026-05-25,176482203,ADRIANA CALMA,Шторы интерьерные,0,2038597273130,15002333409,Возврат по инициативе продавца,,Выдано,0,2026-05-26 17:24:38,2026-05-29T11:26:39.618,,211256,"Тверь, Улица Вагжанова 21",0,19439417017
6cb2f37b-12f5-4a7f-acfc-b22fdac75b61.7.0,2026-05-25,176482203,ADRIANA CALMA,Шторы интерьерные,0,2038597273130,16845664473,Возврат по инициативе продавца,,Выдано,0,2026-05-26 12:52:11,2026-05-29T11:26:39.618,,211256,"Тверь, Улица Вагжанова 21",0,19044178894
6cb2f37b-12f5-4a7f-acfc-b22fdac75b61.8.0,2026-05-25,176487103,ADRIANA CALMA,Шторы интерьерные,0,2038597423559,41759312989,Возврат по инициативе продавца,,Выдано,0,2026-05-27 12:43:40,2026-05-29T11:26:39.618,,211256,"Тверь, Улица Вагжанова 21",0,44759049527
6cb2f37b-12f5-4a7f-acfc-b22fdac75b61.9.0,2026-05-25,176487103,ADRIANA CALMA,Шторы интерьерные,0,2038597423559,41759313014,Возврат по инициативе продавца,,Выдано,0,2026-05-27 9:48:27,2026-05-29T11:26:39.618,,211256,"Тверь, Улица Вагжанова 21",0,50633304720
1dc438f4448b43488b6514c4a8b77a5d,2026-06-04,186904465,ADRIANA ALBA,Шторы интерьерные,0,2038895243132,29332651462,Возврат брака,,Выдано,0,2026-06-08 9:34:48,2026-06-10T15:19:23.209,,211256,"Тверь, Улица Вагжанова 21",0,48829794163
3e66bd8184f04e73bf20398dbe216a59,2026-06-06,937740920,ADRIANA ADAGIO,Тюль,0,2050187250093,54350879086,Возврат брака,,Выдано,0,2026-06-09 16:30:13,2026-06-10T15:19:23.209,,211256,"Тверь, Улица Вагжанова 21",0,54350879086
e53a1dfaec4e4ab7921f0a8cb7ed13a8,2026-06-07,186904512,ADRIANA ALBA,Шторы интерьерные,0,2038895242548,42691095314,Возврат брака,,Выдано,0,2026-06-10 9:09:04,2026-06-10T15:19:23.209,,211256,"Тверь, Улица Вагжанова 21",0,41092961872
bd5774414a8a4166ac761f66c3a337ed,2026-06-08,175779255,ADRIANA BIANCO,Шторы интерьерные,0,2038565895746,31534581311,Возврат брака,,Выдано,0,2026-06-10 9:21:49,2026-06-10T15:19:23.209,,211256,"Тверь, Улица Вагжанова 21",0,31895247695
29f76e9d25c347f5b441f0b470d338eb,2026-06-10,420226104,ADRIANA CASA,Шторы интерьерные,0,2044039075484,54734426951,Возврат брака,,Выдано,0,2026-06-12 19:28:38,2026-06-16T15:00:08.934,,211256,"Тверь, Улица Вагжанова 21",0,42766479215
40b7cb01-84fe-4d0d-9038-77e2b12f6bca.0.0,2026-06-12,137958672,ADRIANA VIVO,Тюль,0,2037236333594,45073761975,Возврат по инициативе продавца,,Выдано,0,2026-06-13 19:25:01,2026-06-16T15:00:08.934,,211256,"Тверь, Улица Вагжанова 21",0,30664554494
40b7cb01-84fe-4d0d-9038-77e2b12f6bca.1.0,2026-06-12,137958672,ADRIANA VIVO,Тюль,0,2037236333594,45073767178,Возврат по инициативе продавца,,Выдано,0,2026-06-14 9:03:44,2026-06-16T15:00:08.934,,211256,"Тверь, Улица Вагжанова 21",0,42890872719
40b7cb01-84fe-4d0d-9038-77e2b12f6bca.10.0,2026-06-12,166776341,ADRIANA STELLA,Шторы интерьерные,0,2038090337445,49926808999,Возврат по инициативе продавца,,Выдано,0,2026-06-14 10:14:24,2026-06-16T15:00:08.934,,211256,"Тверь, Улица Вагжанова 21",0,47262358932
40b7cb01-84fe-4d0d-9038-77e2b12f6bca.11.0,2026-06-12,152016942,ADRIANA STELLA,Шторы интерьерные,0,2037609033199,45504968979,Возврат по инициативе продавца,,Выдано,0,2026-06-15 13:53:14,2026-06-16T15:00:08.934,,211256,"Тверь, Улица Вагжанова 21",0,43231211325
40b7cb01-84fe-4d0d-9038-77e2b12f6bca.12.0,2026-06-12,152016942,ADRIANA STELLA,Шторы интерьерные,0,2037609033199,42199890148,Возврат по инициативе продавца,,Выдано,0,2026-06-14 14:50:00,2026-06-16T15:00:08.934,,211256,"Тверь, Улица Вагжанова 21",0,47201719952
40b7cb01-84fe-4d0d-9038-77e2b12f6bca.13.0,2026-06-12,175100453,ADRIANA STELLA,Шторы интерьерные,0,2038529411708,50246474253,Возврат по инициативе продавца,,Выдано,0,2026-06-14 10:18:48,2026-06-16T15:00:08.934,,211256,"Тверь, Улица Вагжанова 21",0,47050650816
40b7cb01-84fe-4d0d-9038-77e2b12f6bca.14.0,2026-06-12,175100453,ADRIANA STELLA,Шторы интерьерные,0,2038529411708,50245990342,Возврат по инициативе продавца,,Выдано,0,2026-06-15 13:44:58,2026-06-16T15:00:08.934,,211256,"Тверь, Улица Вагжанова 21",0,49112764095
40b7cb01-84fe-4d0d-9038-77e2b12f6bca.15.0,2026-06-12,166776330,ADRIANA STELLA,Шторы интерьерные,0,2038090337490,36432447064,Возврат по инициативе продавца,,Выдано,0,2026-06-14 15:12:00,2026-06-16T15:00:08.934,,211256,"Тверь, Улица Вагжанова 21",0,33314146711
40b7cb01-84fe-4d0d-9038-77e2b12f6bca.16.0,2026-06-12,166776330,ADRIANA STELLA,Шторы интерьерные,0,2038090337490,36432447076,Возврат по инициативе продавца,,Выдано,0,2026-06-14 10:14:36,2026-06-16T15:00:08.934,,211256,"Тверь, Улица Вагжанова 21",0,33314146713
40b7cb01-84fe-4d0d-9038-77e2b12f6bca.18.0,2026-06-12,396860442,ADRIANA CALMA,Шторы интерьерные,0,2043749455401,47532499458,Возврат по инициативе продавца,,Выдано,0,2026-06-14 14:28:05,2026-06-16T15:00:08.934,,211256,"Тверь, Улица Вагжанова 21",0,38719258087
40b7cb01-84fe-4d0d-9038-77e2b12f6bca.19.0,2026-06-12,396860428,ADRIANA CALMA,Шторы интерьерные,0,2043749455265,49068735180,Возврат по инициативе продавца,,Выдано,0,2026-06-15 13:52:50,2026-06-16T15:00:08.934,,211256,"Тверь, Улица Вагжанова 21",0,45834274216
40b7cb01-84fe-4d0d-9038-77e2b12f6bca.2.0,2026-06-12,137958672,ADRIANA VIVO,Тюль,0,2037236333594,45073769571,Возврат по инициативе продавца,,Выдано,0,2026-06-13 19:30:02,2026-06-16T15:00:08.934,,211256,"Тверь, Улица Вагжанова 21",0,30664554492
40b7cb01-84fe-4d0d-9038-77e2b12f6bca.20.0,2026-06-12,396860428,ADRIANA CALMA,Шторы интерьерные,0,2043749455265,49075113746,Возврат по инициативе продавца,,Выдано,0,2026-06-15 13:53:01,2026-06-16T15:00:08.934,,211256,"Тверь, Улица Вагжанова 21",0,45834274212
40b7cb01-84fe-4d0d-9038-77e2b12f6bca.3.0,2026-06-12,137958672,ADRIANA VIVO,Тюль,0,2037236333594,45165681936,Возврат по инициативе продавца,,Выдано,0,2026-06-14 8:58:54,2026-06-16T15:00:08.934,,211256,"Тверь, Улица Вагжанова 21",0,42890872727
40b7cb01-84fe-4d0d-9038-77e2b12f6bca.4.0,2026-06-12,137958672,ADRIANA VIVO,Тюль,0,2037236333594,45165729840,Возврат по инициативе продавца,,Выдано,0,2026-06-14 9:03:51,2026-06-16T15:00:08.934,,211256,"Тверь, Улица Вагжанова 21",0,42890872735
40b7cb01-84fe-4d0d-9038-77e2b12f6bca.5.0,2026-06-12,120365941,ADRIANA LENTO,Тюль,0,2044505705624,45883326705,Возврат по инициативе продавца,,Выдано,0,2026-06-14 14:41:56,2026-06-16T15:00:08.934,,211256,"Тверь, Улица Вагжанова 21",0,47252778085
40b7cb01-84fe-4d0d-9038-77e2b12f6bca.6.0,2026-06-12,120365941,ADRIANA LENTO,Тюль,0,2044505705624,45883327102,Возврат по инициативе продавца,,Выдано,0,2026-06-13 19:43:56,2026-06-16T15:00:08.934,,211256,"Тверь, Улица Вагжанова 21",0,37236181713
40b7cb01-84fe-4d0d-9038-77e2b12f6bca.7.0,2026-06-12,120365941,ADRIANA LENTO,Тюль,0,2044505705624,45883327129,Возврат по инициативе продавца,,Выдано,0,2026-06-14 8:55:45,2026-06-16T15:00:08.934,,211256,"Тверь, Улица Вагжанова 21",0,37236181709
40b7cb01-84fe-4d0d-9038-77e2b12f6bca.8.0,2026-06-12,120365941,ADRIANA LENTO,Тюль,0,2044505705624,45707348054,Возврат по инициативе продавца,,Выдано,0,2026-06-14 9:10:39,2026-06-16T15:00:08.934,,211256,"Тверь, Улица Вагжанова 21",0,44342265491
40b7cb01-84fe-4d0d-9038-77e2b12f6bca.9.0,2026-06-12,166776341,ADRIANA STELLA,Шторы интерьерные,0,2038090337445,49926772377,Возврат по инициативе продавца,,Выдано,0,2026-06-14 8:59:45,2026-06-16T15:00:08.934,,211256,"Тверь, Улица Вагжанова 21",0,31336139769
f466dd0e30444f489f8f1034f3909098,2026-06-13,186904559,ADRIANA ALBA,Шторы интерьерные,0,2038895242753,41361296138,Возврат брака,,Выдано,0,2026-06-15 8:57:02,2026-06-16T15:00:08.934,,211256,"Тверь, Улица Вагжанова 21",0,33592842627
fa06412c-b70b-4fac-8840-28cca8b58a5f.0.0,2026-06-18,911149651,Adriana's Home,Наволочки декоративные,0,2049914349247,54205441195,Возврат по инициативе продавца,,Выдано,0,2026-06-19 9:40:11,2026-06-19T11:34:57.572,,211256,"Тверь, Улица Вагжанова 21",0,51530367824
fa06412c-b70b-4fac-8840-28cca8b58a5f.12.0,2026-06-18,249576777,ADRIANA BELLA,Шторы интерьерные,0,2040835859273,35733837197,Возврат по инициативе продавца,,Выдано,0,2026-06-19 9:25:37,2026-06-19T11:34:57.572,,211256,"Тверь, Улица Вагжанова 21",0,30252306277
fa06412c-b70b-4fac-8840-28cca8b58a5f.17.0,2026-06-18,250656514,ADRIANA DONNA,Шторы интерьерные,0,2040881707955,35846044369,Возврат по инициативе продавца,,Выдано,0,2026-06-19 9:25:20,2026-06-19T11:34:57.572,,211256,"Тверь, Улица Вагжанова 21",0,42870989842
fa06412c-b70b-4fac-8840-28cca8b58a5f.2.0,2026-06-18,264377836,Adriana's Home,Наволочки декоративные,0,2041305677397,44332960065,Возврат по инициативе продавца,,Выдано,0,2026-06-19 9:56:25,2026-06-19T11:34:57.572,,211256,"Тверь, Улица Вагжанова 21",0,36552271403
fa06412c-b70b-4fac-8840-28cca8b58a5f.5.0,2026-06-18,248993901,ADRIANA BELLA,Шторы интерьерные,0,2040822270869,36296428968,Возврат по инициативе продавца,,Выдано,0,2026-06-19 9:06:18,2026-06-19T11:34:57.572,,211256,"Тверь, Улица Вагжанова 21",0,35514679923
fa06412c-b70b-4fac-8840-28cca8b58a5f.1.0,2026-06-18,911149657,Adriana's Home,Наволочки декоративные,0,2049914349322,53787215464,Возврат по инициативе продавца,,Выдано,0,2026-06-20 9:46:50,2026-06-21 17:48:53,,211256,"Тверь, Улица Вагжанова 21",0,47320139250
fa06412c-b70b-4fac-8840-28cca8b58a5f.10.0,2026-06-18,249576749,ADRIANA BELLA,Шторы интерьерные,0,2040835859211,29965509218,Возврат по инициативе продавца,,Выдано,0,2026-06-19 13:19:23,2026-06-21 17:48:53,,211256,"Тверь, Улица Вагжанова 21",0,49029856741
fa06412c-b70b-4fac-8840-28cca8b58a5f.11.0,2026-06-18,248991409,ADRIANA BELLA,Шторы интерьерные,0,2040822240602,41988845816,Возврат по инициативе продавца,,Выдано,0,2026-06-19 13:32:45,2026-06-21 17:48:53,,211256,"Тверь, Улица Вагжанова 21",0,36595387898
fa06412c-b70b-4fac-8840-28cca8b58a5f.13.0,2026-06-18,249576767,ADRIANA BELLA,Шторы интерьерные,0,2040835858986,36082523271,Возврат по инициативе продавца,,Выдано,0,2026-06-20 14:26:14,2026-06-21 17:48:53,,211256,"Тверь, Улица Вагжанова 21",0,30801426497
fa06412c-b70b-4fac-8840-28cca8b58a5f.14.0,2026-06-18,249576753,ADRIANA BELLA,Шторы интерьерные,0,2040835859075,32595648049,Возврат по инициативе продавца,,Выдано,0,2026-06-19 13:32:19,2026-06-21 17:48:53,,211256,"Тверь, Улица Вагжанова 21",0,42670267874
fa06412c-b70b-4fac-8840-28cca8b58a5f.15.0,2026-06-18,248993912,ADRIANA BELLA,Шторы интерьерные,0,2040822270883,41042396771,Возврат по инициативе продавца,,Выдано,0,2026-06-20 9:39:06,2026-06-21 17:48:53,,211256,"Тверь, Улица Вагжанова 21",0,36715265057
fa06412c-b70b-4fac-8840-28cca8b58a5f.16.0,2026-06-18,250656524,ADRIANA DONNA,Шторы интерьерные,0,2040881708099,35871601484,Возврат по инициативе продавца,,Выдано,0,2026-06-20 9:40:01,2026-06-21 17:48:53,,211256,"Тверь, Улица Вагжанова 21",0,30248980427
fa06412c-b70b-4fac-8840-28cca8b58a5f.18.0,2026-06-18,250656529,ADRIANA DONNA,Шторы интерьерные,0,2040881707818,35664565999,Возврат по инициативе продавца,,Выдано,0,2026-06-20 9:44:02,2026-06-21 17:48:53,,211256,"Тверь, Улица Вагжанова 21",0,46879675772
fa06412c-b70b-4fac-8840-28cca8b58a5f.19.0,2026-06-18,250656528,ADRIANA DONNA,Шторы интерьерные,0,2040881708006,36033697428,Возврат по инициативе продавца,,Выдано,0,2026-06-20 9:44:09,2026-06-21 17:48:53,,211256,"Тверь, Улица Вагжанова 21",0,43647190835
fa06412c-b70b-4fac-8840-28cca8b58a5f.20.0,2026-06-18,250674059,ADRIANA DONNA,Шторы интерьерные,0,2040882123563,42845005079,Возврат по инициативе продавца,,Выдано,0,2026-06-19 13:21:15,2026-06-21 17:48:53,,211256,"Тверь, Улица Вагжанова 21",0,38246766259
fa06412c-b70b-4fac-8840-28cca8b58a5f.21.0,2026-06-18,249874713,ADRIANA DONNA,Шторы интерьерные,0,2040849051458,38418531393,Возврат по инициативе продавца,,Выдано,0,2026-06-19 13:19:42,2026-06-21 17:48:53,,211256,"Тверь, Улица Вагжанова 21",0,43046788873
fa06412c-b70b-4fac-8840-28cca8b58a5f.3.0,2026-06-18,810348885,ADRIANA FESTA,Шторы интерьерные,0,2048838836567,50204075248,Возврат по инициативе продавца,,Выдано,0,2026-06-20 9:51:26,2026-06-21 17:48:53,,211256,"Тверь, Улица Вагжанова 21",0,33226937978
fa06412c-b70b-4fac-8840-28cca8b58a5f.4.0,2026-06-18,248993884,ADRIANA BELLA,Шторы интерьерные,0,2040822270913,33830986340,Возврат по инициативе продавца,,Выдано,0,2026-06-20 9:52:22,2026-06-21 17:48:53,,211256,"Тверь, Улица Вагжанова 21",0,43050381637
fa06412c-b70b-4fac-8840-28cca8b58a5f.6.0,2026-06-18,248993893,ADRIANA BELLA,Шторы интерьерные,0,2040822270791,33376265699,Возврат по инициативе продавца,,Выдано,0,2026-06-19 13:22:05,2026-06-21 17:48:53,,211256,"Тверь, Улица Вагжанова 21",0,30441868020
fa06412c-b70b-4fac-8840-28cca8b58a5f.7.0,2026-06-18,248991427,ADRIANA BELLA,Шторы интерьерные,0,2040822240480,40291847147,Возврат по инициативе продавца,,Выдано,0,2026-06-20 9:51:13,2026-06-21 17:48:53,,211256,"Тверь, Улица Вагжанова 21",0,48833509149
fa06412c-b70b-4fac-8840-28cca8b58a5f.8.0,2026-06-18,248993914,ADRIANA BELLA,Шторы интерьерные,0,2040822270609,28835053073,Возврат по инициативе продавца,,Выдано,0,2026-06-20 9:52:47,2026-06-21 17:48:53,,211256,"Тверь, Улица Вагжанова 21",0,27527382167
fa06412c-b70b-4fac-8840-28cca8b58a5f.9.0,2026-06-18,248993896,ADRIANA BELLA,Шторы интерьерные,0,2040822270821,32957427404,Возврат по инициативе продавца,,Выдано,0,2026-06-20 16:43:51,2026-06-21 17:48:53,,211256,"Тверь, Улица Вагжанова 21",0,29941098207