ID возврата/невыкупа,Номер заказа,Тип (Невыкуп/Возврат),Логистический статус,Статус возврата денег,Дата создания,Дата обновления,Срок хранения (до),Сумма,Валюта,Способ возврата,Название ПВЗ/Склада,Товары (Ваш SKU : кол-во)
26666045,57861751362,RETURN,PICKED,REFUNDED,2026-06-12T17:16:09.408+03:00,2026-06-16T14:16:05.57+03:00,,3832,RUR,SHOP,Пункт выдачи заказов Яндекс Маркета,ADR-270200V(Grey) (2 шт.)
107970841,57863509568,UNREDEEMED,PICKED,,2026-06-10T20:00:50.03+03:00,2026-06-16T14:16:05.119+03:00,,2864,RUR,SHOP,Пункт выдачи заказов Яндекс Маркета,BIAN-265150-LAT (1 шт.)
108055648,57614999296,UNREDEEMED,PICKED,,2026-06-11T16:44:05.992+03:00,2026-06-16T14:16:04.875+03:00,,1480,RUR,SHOP,Пункт выдачи заказов Яндекс Маркета,ADR-260200V(Milk) (2 шт.)
26638717,57635843459,RETURN,PICKED,REFUNDED,2026-06-10T13:25:35.54+03:00,2026-06-16T14:16:05.089+03:00,,793,RUR,SHOP,Пункт выдачи заказов Яндекс Маркета,ADR-150200 (1 шт.)
107944831,57885692480,UNREDEEMED,PICKED,,2026-06-10T16:58:14.21+03:00,2026-06-14T17:49:49.745+03:00,,3904,RUR,SHOP,Пункт выдачи заказов Яндекс Маркета,ADR-290250(Shamp) (2 шт.)
107729187,57492509248,UNREDEEMED,PICKED,,2026-06-08T17:24:37.01+03:00,2026-06-14T17:49:49.66+03:00,,3063,RUR,SHOP,Пункт выдачи заказов Яндекс Маркета,ADR-270600L(Shamp) (1 шт.)
107854239,57896558785,UNREDEEMED,PICKED,,2026-06-09T19:58:53.935+03:00,2026-06-14T17:49:49.624+03:00,,2280,RUR,SHOP,Пункт выдачи заказов Яндекс Маркета,ADR-150250 (2 шт.)
26549335,57603609730,RETURN,PICKED,REFUNDED,2026-06-02T21:21:07.374+03:00,2026-06-14T17:49:49.806+03:00,,1188,RUR,SHOP,Пункт выдачи заказов Яндекс Маркета,ADR-130300 (1 шт.)
107606611,57647779137,UNREDEEMED,PICKED,,2026-06-07T14:34:14.598+03:00,2026-06-14T17:49:39.601+03:00,,2875,RUR,SHOP,Пункт выдачи заказов Яндекс Маркета,CANT-250200-LGR (1 шт.)
107015209,57544688771,UNREDEEMED,PICKED,,2026-06-01T20:37:10.228+03:00,2026-06-10T15:13:12.509+03:00,,3658,RUR,SHOP,Пункт выдачи заказов Яндекс Маркета,CANT-260250-LGR (1 шт.)
107522939,57832317443,UNREDEEMED,PICKED,,2026-06-06T16:50:24.463+03:00,2026-06-10T15:13:01.843+03:00,,2265,RUR,SHOP,Пункт выдачи заказов Яндекс Маркета,ALBA-270150-SIL (1 шт.)
107521474,57625440001,UNREDEEMED,PICKED,,2026-06-06T16:40:44.083+03:00,2026-06-10T15:13:01.497+03:00,,1196,RUR,SHOP,Пункт выдачи заказов Яндекс Маркета,ADR-140150(Grey) (2 шт.)
107068514,57505712963,UNREDEEMED,PICKED,,2026-06-02T13:11:35.37+03:00,2026-06-10T15:13:01.379+03:00,,7271,RUR,SHOP,Пункт выдачи заказов Яндекс Маркета,CALM-280250-LAT (1 шт.)
107433168,57650290499,UNREDEEMED,PICKED,,2026-06-05T18:33:36.419+03:00,2026-06-10T15:13:01.369+03:00,,1107,RUR,SHOP,Пункт выдачи заказов Яндекс Маркета,ADR-270400(Shamp) (1 шт.)
26567162,57557820160,RETURN,PICKED,REFUNDED,2026-06-04T14:31:07.362+03:00,2026-06-10T15:13:02.396+03:00,,5614,RUR,SHOP,Пункт выдачи заказов Яндекс Маркета,CASA-230150-OLIV (1 шт.)
107456089,57631574720,UNREDEEMED,PICKED,,2026-06-05T22:33:45.432+03:00,2026-06-10T15:13:01.201+03:00,,1568,RUR,SHOP,Пункт выдачи заказов Яндекс Маркета,ADR-250200(Shamp) (2 шт.)
107411455,57626202242,UNREDEEMED,PICKED,,2026-06-05T15:42:51.319+03:00,2026-06-10T15:13:01.106+03:00,,2772,RUR,SHOP,Пункт выдачи заказов Яндекс Маркета,ADR-290150L(Grey) (4 шт.)
26593083,57725384579,RETURN,PICKED,REFUNDED,2026-06-06T17:26:42.708+03:00,2026-06-10T15:13:02.427+03:00,,4479,RUR,SHOP,Пункт выдачи заказов Яндекс Маркета,ADR-275700ALL (1 шт.)
26570162,57637846016,RETURN,PICKED,REFUNDED,2026-06-04T18:15:42.36+03:00,2026-06-10T15:13:02.325+03:00,,2616,RUR,SHOP,Пункт выдачи заказов Яндекс Маркета,CALM-280150-MLK (1 шт.)
106782999,57458522947,UNREDEEMED,PICKED,,2026-05-30T18:27:02.682+03:00,2026-06-03T14:43:14.718+03:00,,2005,RUR,SHOP,Пункт выдачи заказов Яндекс Маркета,ADR-265300(Grey) (1 шт.)
106754610,56991997504,UNREDEEMED,PICKED,,2026-05-30T14:04:40.385+03:00,2026-06-03T14:43:14.594+03:00,,894,RUR,SHOP,Пункт выдачи заказов Яндекс Маркета,ADR-150150V(Milk) (1 шт.)
26427690,57158666050,RETURN,PICKED,REFUNDED,2026-05-23T20:06:09.526+03:00,2026-06-01T16:59:15.21+03:00,,1973,RUR,SHOP,Пункт выдачи заказов Яндекс Маркета,ADR-310250L(Shamp) (1 шт.)
106265180,57039995137,UNREDEEMED,PICKED,,2026-05-25T20:22:08.931+03:00,2026-06-01T16:58:09.042+03:00,,3661,RUR,SHOP,Пункт выдачи заказов Яндекс Маркета,ADR-270700(Shamp) (1 шт.)
26472842,57143825347,RETURN,PICKED,REFUNDED,2026-05-27T15:49:56.765+03:00,2026-06-01T16:58:14.848+03:00,,1613,RUR,SHOP,Пункт выдачи заказов Яндекс Маркета,ADR-300200(Grey) (1 шт.)
106308919,57336588738,UNREDEEMED,PICKED,,2026-05-26T10:11:36.93+03:00,2026-06-01T16:58:08.629+03:00,,5681,RUR,SHOP,Пункт выдачи заказов Яндекс Маркета,CASA-220150-OLIV (1 шт.)
106073616,57380238209,UNREDEEMED,PICKED,,2026-05-24T09:21:56.132+03:00,2026-05-28T16:49:53.602+03:00,,3002,RUR,SHOP,Пункт выдачи заказов Яндекс Маркета,ADR-310290 (2 шт.)
26413097,57141157314,RETURN,PICKED,REFUNDED,2026-05-22T17:09:31.343+03:00,2026-05-28T16:50:01.085+03:00,,6234,RUR,SHOP,Пункт выдачи заказов Яндекс Маркета,"ADR-210150V(Grey) (2 шт.), ADR-210150V(Milk) (2 шт.)"
105587231,57076196867,UNREDEEMED,PICKED,,2026-05-19T20:54:08.768+03:00,2026-05-28T16:49:53.48+03:00,,1167,RUR,SHOP,Пункт выдачи заказов Яндекс Маркета,ADR-290150V (1 шт.)
105906199,57220345731,UNREDEEMED,PICKED,,2026-05-22T17:31:48.263+03:00,2026-05-28T16:49:53.351+03:00,,4088,RUR,SHOP,Пункт выдачи заказов Яндекс Маркета,ADR-250250V(Milk) (2 шт.)
105330091,57040201344,UNREDEEMED,PICKED,,2026-05-17T18:00:17.528+03:00,2026-05-28T16:49:53.298+03:00,,4973,RUR,SHOP,Пункт выдачи заказов Яндекс Маркета,CASA-275150-OLIV (1 шт.)
106031745,56967300608,UNREDEEMED,PICKED,,2026-05-23T19:44:37.22+03:00,2026-05-28T16:49:53.283+03:00,,2019,RUR,SHOP,Пункт выдачи заказов Яндекс Маркета,ADR-240300(Shamp) (1 шт.)
26270544,56705171907,RETURN,PICKED,REFUNDED,2026-05-10T12:57:34.523+03:00,2026-05-28T16:50:01.077+03:00,,15566,RUR,SHOP,Пункт выдачи заказов Яндекс Маркета,"ADR-275700V(Milk) (1 шт.), ADR-275600V(Milk) (3 шт.)"
26358200,56999021248,RETURN,PICKED,REFUNDED,2026-05-18T00:32:10.751+03:00,2026-05-28T16:50:01.085+03:00,,5473,RUR,SHOP,Пункт выдачи заказов Яндекс Маркета,CASA-275150-PUDR (1 шт.)
106007591,57174012354,UNREDEEMED,PICKED,,2026-05-23T16:05:28.527+03:00,2026-05-28T16:49:53.076+03:00,,4860,RUR,SHOP,Пункт выдачи заказов Яндекс Маркета,ADR-250400(Shamp) (2 шт.)
104971545,56964986752,UNREDEEMED,PICKED,,2026-05-14T10:52:18.15+03:00,2026-05-28T16:49:52.974+03:00,,5848,RUR,SHOP,Пункт выдачи заказов Яндекс Маркета,ADR-240400LR(Milk) (2 шт.)
106125908,57312205635,UNREDEEMED,PICKED,,2026-05-24T17:28:49.126+03:00,2026-05-28T16:49:52.659+03:00,,1116,RUR,SHOP,Пункт выдачи заказов Яндекс Маркета,ADR-230100 (1 шт.)
105676464,56927058178,UNREDEEMED,PICKED,,2026-05-20T17:27:53.075+03:00,2026-05-28T16:49:52.518+03:00,,2440,RUR,SHOP,Пункт выдачи заказов Яндекс Маркета,ADR-290450(Shamp) (1 шт.)
26309917,56887452802,RETURN,PICKED,REFUNDED,2026-05-13T18:59:59.865+03:00,2026-05-18T16:35:42.849+03:00,,654,RUR,SHOP,Пункт выдачи заказов Яндекс Маркета,NAV-CANV-4040-MLK (2 шт.)
104756977,56759116545,UNREDEEMED,PICKED,,2026-05-12T13:43:55.907+03:00,2026-05-18T16:34:42.743+03:00,,3556,RUR,SHOP,Пункт выдачи заказов Яндекс Маркета,ADR-260700 (1 шт.)
26277324,56647072323,RETURN,PICKED,REFUNDED,2026-05-10T21:55:35.323+03:00,2026-05-18T16:34:42.692+03:00,,743,RUR,SHOP,Пункт выдачи заказов Яндекс Маркета,ADR-100100 (1 шт.)
105090105,56870990465,UNREDEEMED,PICKED,,2026-05-15T13:11:11.834+03:00,2026-05-18T16:34:42.452+03:00,,2442,RUR,SHOP,Пункт выдачи заказов Яндекс Маркета,ADR-265350LR (1 шт.)
26218100,56377424897,RETURN,PICKED,REFUNDED,2026-05-05T12:25:07.41+03:00,2026-05-18T16:34:42.768+03:00,,3141,RUR,SHOP,Пункт выдачи заказов Яндекс Маркета,ADR-290500 (1 шт.)
104438481,56726992258,UNREDEEMED,PICKED,,2026-05-09T00:56:31.098+03:00,2026-05-18T16:34:41.821+03:00,,5390,RUR,SHOP,Пункт выдачи заказов Яндекс Маркета,CASA-270150-OLIV (1 шт.)
105295094,57139841024,UNREDEEMED,PICKED,,2026-05-17T12:52:31.004+03:00,2026-05-18T16:34:31.406+03:00,,1474,RUR,SHOP,Пункт выдачи заказов Яндекс Маркета,ADR-250150LR(Grey) (2 шт.)
104938794,56969491906,UNREDEEMED,PICKED,,2026-05-13T22:53:44.077+03:00,2026-05-18T16:34:31.399+03:00,,4610,RUR,SHOP,Пункт выдачи заказов Яндекс Маркета,CANT-260300-LGR (1 шт.)
26661845,57926622082,RETURN,PICKED,REFUNDED,2026-06-12T12:12:42.591+03:00,2026-06-19T11:37:31.677+03:00,,3778,RUR,SHOP,Пункт выдачи заказов Яндекс Маркета,ADR-230200LR(Milk) (2 шт.)
26652450,57857760192,RETURN,PICKED,REFUNDED,2026-06-11T15:39:54.868+03:00,2026-06-19T11:37:21.575+03:00,,4118,RUR,SHOP,Пункт выдачи заказов Яндекс Маркета,ALBA-250250-SIL (1 шт.)
108189773,57319458434,UNREDEEMED,PICKED,,2026-06-13T00:05:47.225+03:00,2026-06-19T11:37:21.048+03:00,,1793,RUR,SHOP,Пункт выдачи заказов Яндекс Маркета,ADR-245250(Shamp) (1 шт.)
26686281,57927890368,RETURN,PICKED,REFUNDED,2026-06-14T14:46:43.555+03:00,2026-06-19T11:37:21.636+03:00,,2555,RUR,SHOP,Пункт выдачи заказов Яндекс Маркета,ALBA-245150-LGR (1 шт.)
108368457,57732730624,UNREDEEMED,PICKED,,2026-06-14T20:00:03.978+03:00,2026-06-19T11:37:08.895+03:00,,5217,RUR,SHOP,Пункт выдачи заказов Яндекс Маркета,CASA-265150-BLUE (1 шт.)
26663150,57892073923,RETURN,PICKED,REFUNDED,2026-06-12T13:48:15.918+03:00,2026-06-19T11:37:01.511+03:00,,1552,RUR,SHOP,Пункт выдачи заказов Яндекс Маркета,ADR-100250LR(Grey) (1 шт.)
26697998,57998192384,RETURN,PICKED,REFUNDED,2026-06-15T13:49:38.548+03:00,2026-06-22T19:52:52.879+03:00,,4378,RUR,SHOP,Пункт выдачи заказов Яндекс Маркета,CALM-285150-MLK (1 шт.)
108463266,57901004994,UNREDEEMED,PICKED,,2026-06-15T18:32:08.979+03:00,2026-06-22T19:52:50.106+03:00,,4118,RUR,SHOP,Пункт выдачи заказов Яндекс Маркета,ALBA-245250-MLK (1 шт.)
108458622,57795813955,UNREDEEMED,PICKED,,2026-06-15T17:58:38.34+03:00,2026-06-22T19:52:49.699+03:00,,4541,RUR,SHOP,Пункт выдачи заказов Яндекс Маркета,ALBA-250300-B (1 шт.)